{
    "learning_rates": [
        0.0007125891,
        0.00045061592698991286,
        0.00028495343762201594,
        0.00018019438894449413,
        0.00011394850358025982,
        7.205696883369699e-05,
        4.556625663665025e-05,
        2.8814475233741884e-05,
        1.8221246252827168e-05,
        1.1522466132486716e-05,
        7.286396546762191e-06,
        4.6076572520339485e-06,
        2.913718079433256e-06,
        1.842531373762362e-06,
        1.1651511130270226e-06
    ],
    "losses": [
        5.749215203458509,
        4.293259153775219,
        3.099474297168302,
        2.395753465890674,
        1.9901968930911282,
        1.7383147569712256,
        1.5779076524382114,
        1.4753438786814985,
        1.4099164340534354,
        1.3681201739080162,
        1.3415370852099002,
        1.3245895591484989,
        1.3138190322890007,
        1.3069715174229135,
        1.3026224062240073
    ],
    "train_perplexities": [
        313.94418127272235,
        73.20466539020981,
        22.18628482240904,
        10.976465336364695,
        7.316974282174831,
        5.687750100196767,
        4.844808176175066,
        4.372539137420821,
        4.095613135981926,
        3.9279598694622484,
        3.824918214461984,
        3.760641517288005,
        3.7203547710106,
        3.6949666085199344,
        3.6789316819772715
    ],
    "valid_perplexities": [
        82.40566515256357,
        21.404306132016938,
        9.96461295668179,
        6.703824544173443,
        5.294561814621374,
        4.592234204444198,
        4.203064673490274,
        3.980559249411561,
        3.8519878317758063,
        3.7746627442644676,
        3.7277885710799765,
        3.6992432784887783,
        3.6813008518593118,
        3.670171699285961,
        3.663223249024739
    ],
    "test_perplexity": 3.6632232555321456
}